user_id,name,role,age,email,phone
U001,Sylvia Martin,Citizen,68,jack13@example.org,+44116 496 0272
U002,Rosie Turnbull-Patel,UtilityProvider,34,lloyddawn@example.net,(0116) 4960477
U003,Hayley Hardy,UtilityProvider,29,hopkinskelly@example.com,0118 496 0189
U004,Joanna Pearson,UtilityProvider,22,mccarthybenjamin@example.net,+44(0)161 496 0825
U005,Mrs Katherine Edwards,GovAgency,35,bryantdenis@example.com,0116 4960882
U006,Matthew Whitehouse,UtilityProvider,51,wbrown@example.org,+44(0)3069990431
U007,Ms Cheryl Winter,Citizen,40,joannaparkinson@example.net,+442074960724
U008,Elliott Watson-Scott,GovAgency,42,fnicholls@example.net,0161 4960335
U009,Pauline Smith,UtilityProvider,23,dholmes@example.org,(0151) 496 0122
U010,Hayley Clements,Citizen,39,clarkgary@example.net,+44(0)118 496 0538
U011,Dr Simon Davies,GovAgency,26,frederick20@example.org,0113 496 0525
U012,Dr Joanne Byrne,UtilityProvider,61,sarah31@example.com,(020) 74960826
U013,Russell Taylor,UtilityProvider,35,evansdean@example.com,(0161)4960338
U014,William Atkinson,UtilityProvider,51,ryan65@example.net,0113 496 0703
U015,Kirsty Talbot,GovAgency,40,clivefuller@example.org,+44(0)29 2018 0804
U016,Kerry King,UtilityProvider,43,melanie24@example.org,(0151) 4960009
U017,Miss Jayne Pearce,Citizen,40,ross52@example.net,0191 4960937
U018,Hilary Saunders,Citizen,69,frederick59@example.net,(0117) 496 0808
U019,Holly Bell,Citizen,32,robert82@example.net,0121 4960426
U020,Jodie Clarke-West,UtilityProvider,47,patrick00@example.com,+44141 4960161
U021,Naomi Clarke,Citizen,60,gpatterson@example.org,+441134960499
U022,Shirley Bell,Citizen,69,eriley@example.org,(020) 7496 0585
U023,Victor Hall,GovAgency,51,cartertony@example.com,(0116) 496 0978
U024,Malcolm Harris,UtilityProvider,52,holmesglen@example.net,+44116 496 0069
U025,Bradley King-Morgan,UtilityProvider,24,martyn40@example.org,020 74960936
U026,Mrs Rosie Holmes,GovAgency,69,byrnemohammed@example.org,0808 1570174
U027,Ruth Holden,UtilityProvider,53,tinadavidson@example.org,(020) 74960927
U028,Ann Bond,GovAgency,34,brett07@example.com,+44113 4960953
U029,Norman Pearson,UtilityProvider,57,frydylan@example.com,+44(0)118 496 0088
U030,Dr Marcus Wright,UtilityProvider,38,ashleighmorgan@example.com,0141 4960325
U031,Alexander Clark-Hughes,Citizen,42,chloe24@example.org,(0191) 4960189
U032,Amanda Mellor,Citizen,59,qglover@example.org,+44(0)1144960493
U033,Beth Schofield,Citizen,32,ojones@example.org,0115 496 0417
U034,Georgina Brown-Bevan,GovAgency,52,anne85@example.com,+44(0)292018598
U035,Eileen Robertson,UtilityProvider,63,jacob13@example.net,+44161 4960409
U036,Dr Jason Kelly,Citizen,23,simpsonsharon@example.net,+44(0)808 157 0067
U037,Joanna Brady,GovAgency,61,davieshannah@example.net,+44(0)808 157 0450
U038,Alan Franklin-Holmes,GovAgency,21,jayne36@example.org,+44(0)141 496 0805
U039,Bradley Robinson,UtilityProvider,41,hardyhenry@example.org,08081570704
U040,David Walker,UtilityProvider,67,morganbrett@example.net,+44151 4960714
U041,Patrick Walker,GovAgency,39,nlowe@example.com,+44(0)1144960587
U042,Dr Duncan Manning,GovAgency,18,gemma08@example.org,+44(0)2074960783
U043,William Gray-Johnson,GovAgency,56,gavin64@example.com,+44909 879 0212
U044,Nicole Carter,GovAgency,49,dsmith@example.org,0151 496 0105
U045,Lesley Mills,UtilityProvider,47,kathryn54@example.org,+44(0)306 999 0260
U046,Kieran Chapman-Bradshaw,Citizen,30,johnsonanthony@example.org,(0808) 1570137
U047,Katherine Ahmed,UtilityProvider,21,frederick15@example.com,+44(0)1632 960 757
U048,Gail Clarke,GovAgency,46,laura36@example.net,+44(0)1164960289
U049,Heather John-Turnbull,UtilityProvider,66,mathewpayne@example.net,08081570988
U050,Stephanie Evans,GovAgency,64,walkeralison@example.org,(0909) 8790826
U051,Mr Arthur Gray,GovAgency,21,rhyswilliams@example.net,+44306 9990345
U052,Malcolm Warren,Citizen,28,hwebster@example.org,(0117)4960280
U053,Mr Jason Talbot,GovAgency,60,donnaross@example.com,0161 496 0553
U054,Colin Jones,UtilityProvider,19,khanjean@example.com,01214960281
U055,Mr Allan Allen,UtilityProvider,49,daviesdylan@example.org,028 9018 0232
U056,Peter Marsh,Citizen,48,keith11@example.net,+4420 74960792
U057,Dr Joanne May,UtilityProvider,65,shawkaty@example.com,01164960763
U058,Miss Carole Davies,Citizen,43,idavies@example.net,0116 4960479
U059,Louis Nelson,UtilityProvider,44,brownrosie@example.net,+44(0)1914960945
U060,Mr Ian Harrison,Citizen,26,ronald62@example.com,+44(0)1314960167
U061,Ms Emma Robinson,Citizen,19,chughes@example.org,(0116) 496 0977
U062,Josephine Jones,Citizen,45,zfletcher@example.net,+44(0)20 74960187
U063,Samantha Phillips,Citizen,59,fostersara@example.com,(0191) 496 0718
U064,Kevin Parsons-Knight,Citizen,35,shannon19@example.org,01632 960 741
U065,Bethan Bailey,UtilityProvider,55,malcolm05@example.org,+44(0)118 496 0256
U066,Dr Ruth Thompson,GovAgency,35,schapman@example.com,+44(0)113 4960617
U067,Mrs Melanie Boyle,GovAgency,61,qedwards@example.org,+44(0)117 4960744
U068,Dr Connor Lyons,Citizen,50,ehaynes@example.com,(0141) 4960252
U069,Gary Harris-Watson,UtilityProvider,24,uprice@example.net,+44(0)306 9990637
U070,Dr Anthony Francis,GovAgency,48,gerald40@example.com,(020) 74960335
U071,Stanley Ali,Citizen,41,scott95@example.net,+44(0)113 4960362
U072,Sam Stevens,GovAgency,57,danny16@example.org,+44(0)131 4960935
U073,Amber Humphries,GovAgency,49,zwoodward@example.org,(0117) 4960687
U074,Hollie Campbell,GovAgency,70,louise48@example.org,01632 960918
U075,Vanessa Smith,GovAgency,69,hwilson@example.com,+44116 4960655
U076,Stuart Ford,Citizen,35,kellyjake@example.com,+44(0)118 4960503
U077,Claire Bull,GovAgency,26,vlewis@example.net,+4420 7496 0529
U078,Albert Mann,GovAgency,39,samhughes@example.net,+44117 496 0235
U079,Eleanor Davies,Citizen,20,helencartwright@example.org,(0306) 9990274
U080,Alison Moore,GovAgency,40,fishersamuel@example.com,+44(0)114 496 0268
U081,Miss Amelia Chambers,GovAgency,36,shawbeth@example.net,0141 4960568
U082,Dr Natalie Jackson,GovAgency,35,georgiasmith@example.net,+44(0)113 496 0114
U083,Peter Jones,UtilityProvider,43,ross12@example.net,0141 496 0964
U084,Stephen Adams,Citizen,36,leonard81@example.com,029 2018 0268
U085,Lindsey Anderson,UtilityProvider,38,leeryan@example.net,+44(0)115 496 0132
U086,Craig Dennis,GovAgency,34,yholden@example.net,020 7946 0828
U087,Margaret Young,Citizen,22,margaretsmith@example.org,+44(0)116 4960163
U088,Alison Cross,UtilityProvider,35,nicoleswift@example.org,(0117)4960523
U089,Susan Doyle,GovAgency,59,vanessa25@example.org,+44306 9990363
U090,Dr Stanley Clayton,Citizen,62,pricerachel@example.com,+44(0)3069990249
U091,Joanna Gibson,Citizen,23,fholden@example.net,+44131 4960752
U092,Mr Bruce Webb,GovAgency,57,fparker@example.org,(0116)4960643
U093,Richard Jennings,UtilityProvider,67,spalmer@example.net,0114 4960970
U094,Ms Gillian Sheppard,Citizen,36,naomigreen@example.com,(0191) 4960565
U095,Mark Jones,Citizen,26,jasmine87@example.com,+441914960374
U096,Kathryn Evans,Citizen,51,xswift@example.org,+44(0)28 9018809
U097,Alan Duffy,GovAgency,61,kbailey@example.org,+44141 496 0929
U098,Rachel Booth,GovAgency,29,geoffrey60@example.org,+44121 496 0480
U099,Mohammed Yates,Citizen,59,damianharrison@example.com,+44808 157 0320
U100,Mr Julian Rahman,UtilityProvider,22,turnerleon@example.org,(0306) 9990707
